given_name,family_name,alias,country
Gwendolyn,Yates,yatesgw,Netherlands
Brandon,Larson,larsobr,Germany
Pauline,Martinez,martipa,France
Leonardo,Martini,martile,Italy
Hamilton,Underwood,underha,Spain
Acton,Leonard,leonaac,Ireland
Baker,Odonnell,odonnba,United Kingdom
Declan,Pugh,pughde,Poland
Felix,Fischer,fischfe,Turkey
Melvin,Collins,collime,Belgium
Marah,Monroe,monroma,Austria